term,odds_ratio,or_ci_low,or_ci_high,p_value
"product[T.Credit reporting, credit repair services, or other personal consumer reports]",4.977838780963918,4.816890563989199,5.1441648092472425,0.0
product[T.Debt collection],37.04846488032881,36.28835761846002,37.82449358608383,0.0
product[T.Mortgage],20.966531577960428,20.319668607259786,21.633986995858475,0.0
product[T.Checking or savings account],15.412799256622606,14.819321485272912,16.030044368834442,0.0
product[T.Credit card],10.06786170071647,9.619716244047186,10.536884524788102,0.0
product[T.Credit card or prepaid card],21.805500664639606,20.762922239816383,22.900430572522495,0.0
"product[T.Money transfer, virtual currency, or money service]",17.588967821904596,16.883402095259903,18.324019489345275,0.0
product[T.Other],55.31127713985503,53.63436209852525,57.040622077725224,0.0
product[T.Student loan],116.59057546531491,113.55605901912239,119.70618216896928,0.0
product[T.Vehicle loan or lease],22.837530035236156,21.730502113786407,24.000953838035183,0.0
product[T.Bank account or service],30.72610532774263,29.173197889060813,32.361674993660685,0.0
institution_group[T.$10B - $250B],0.28848135829265,0.27419582735302445,0.3035111616604779,0.0
institution_group[T.Over $250B],0.5192922415558985,0.5064087495061913,0.5325035011798364,0.0
year[T.2020],0.06642909028691825,0.05786335129152648,0.07626284924485097,0.0
year[T.2022],0.05111477194236725,0.044535571393476615,0.05866591196588789,0.0
year[T.2013],0.05248500914826954,0.04539475142832899,0.06068270226444853,0.0
year[T.2024],0.049408531132118946,0.043104306122128205,0.05663478126099195,0.0
year[T.2023],0.04502976067652065,0.039245623594702,0.05166638113653146,0.0
year[T.2019],0.07433544730124475,0.06473724123998033,0.08535672233841725,3.155964514831117e-297
year[T.2018],0.0760683940907706,0.06626278942763746,0.08732503761961072,4.67596307340247e-293
year[T.2021],0.08052382967296558,0.07020773006559505,0.0923557440062895,4.7729809018042106e-284
year[T.2025],0.08902276263344677,0.0777518042891044,0.10192756733237081,1.0558073888326836e-268
year[T.2014],0.08682484896272658,0.07561216032669042,0.09970029112816182,6.3012534141746195e-263
year[T.2017],0.10273194915897435,0.08960516805182074,0.11778174861408164,1.8186458508933778e-233
year[T.2026],0.1054778899724007,0.09211751197120885,0.12077600702575586,2.0910832043575544e-232
year[T.2015],0.1027479114309386,0.08956611496661661,0.11786972458674681,1.9027492203631218e-231
year[T.2016],0.12707388480627899,0.1108634415002869,0.14565461780038347,6.428947550104408e-193
year[T.2012],0.18149074524030018,0.15787022463505468,0.20864536478632179,3.6476936211915246e-127
product[T.Credit reporting],1.5973236307541199,1.4187508152718147,1.7983727331826767,9.738697229854913e-15
poverty_z,0.9605948079613251,0.9491044412658903,0.9722242831900836,5.837539449113655e-11
institution_group[T.Under $1B],1.7624375254563953,1.4515681897008044,2.139882957739041,1.0421522705872684e-08
submitted_via[T.Phone],1.3539413852234115,0.6642950053310304,2.759552999660436,0.4042340266754869
submitted_via[T.Fax],1.353289941749849,0.6606068302989193,2.7722899347144483,0.40832075200815554
institution_group[T.$1B - $10B],0.8625358855095309,0.552714349001276,1.3460264875265486,0.5148745963058513
submitted_via[T.Postal mail],1.1959110768370518,0.5862001787866573,2.4397865361656046,0.6228614073792492
submitted_via[T.Web],1.1734809911165252,0.5760822366801206,2.3903837834813446,0.6594349151341887
submitted_via[T.Referral],1.0471401224882395,0.5138922953917819,2.133720326140971,0.899071395006194
