state_abbr,n,events,rate_pct,ci_low_pct,ci_high_pct,state_poverty_rate_pct,state_median_income
WY,5897,4359.0,73.91894183483127,72.78294827640723,75.02379169776867,10.41,72495.0
MT,9788,7128.0,72.8238659583163,71.9337064362626,73.69611666054892,12.12,66341.0
SD,7296,5254.0,72.01206140350877,70.97053032151085,73.03042443893219,11.85,69457.0
VT,5722,4095.0,71.56588605382733,70.38287970528204,72.71995429557471,10.06,74014.0
OR,58875,42125.0,71.54989384288747,71.18404773496053,71.91292786858122,11.68,76632.0
ME,13835,9877.0,71.39139862667149,70.63246742512048,72.1384535167017,10.64,68251.0
ID,19895,14109.0,70.91731590851973,70.28225575209471,71.54429961884709,10.72,70214.0
UT,54221,38129.0,70.32146216410615,69.9354969566959,70.70454799273924,8.38,86833.0
NH,20110,14084.0,70.03480855295872,69.39786793834438,70.6640961570674,7.12,90845.0
CO,123508,85747.0,69.4262719823817,69.16872340182113,69.68261212874715,9.36,87598.0
AK,9844,6779.0,68.8642828118651,67.94233476847509,69.77151310657604,10.24,86370.0
KS,43614,29867.0,68.48030448938414,68.04266242676914,68.9146912814437,11.24,69747.0
WA,159731,108970.0,68.22094646624637,67.99216594372936,68.448850566472,9.72,90325.0
IA,36530,24829.0,67.96879277306324,67.48843496790865,68.44537167562812,10.76,70571.0
MN,91891,62291.0,67.78792264748452,67.48504660184405,68.08931146963229,9.07,84313.0
NM,34179,23151.0,67.7345738611428,67.23698293968575,68.22817862254085,17.92,58722.0
HI,30170,20428.0,67.70964534305601,67.17978865619462,68.23499260254971,9.37,94814.0
WV,21162,14294.0,67.54560060485777,66.91163427395307,68.17319788315802,16.28,55217.0
ND,10496,7052.0,67.1875,66.28308148660322,68.07934165699925,10.4,73959.0
KY,74721,50062.0,66.99856800631683,66.66054332099355,67.33484490074608,15.65,60183.0
OK,78719,52611.0,66.8339282765279,66.50421536693855,67.16199822665206,14.76,61364.0
DC,59606,39365.0,66.04200919370533,65.6608036193366,66.421147089957,14.62,101722.0
AR,118297,78041.0,65.97039654429106,65.69987657837176,66.23987929230837,15.76,56335.0
MO,194187,127975.0,65.90296981775299,65.69181524221422,66.11349518906823,12.46,65920.0
VA,347892,228832.0,65.77673530865901,65.61889852898629,65.93422366274501,9.7,87249.0
TN,269312,176447.0,65.51768951996198,65.33795227254313,65.69698406964936,13.63,64035.0
WI,128058,83429.0,65.14938543472489,64.88795097514203,65.40991099157202,10.4,72458.0
MA,222944,144919.0,65.0024221329123,64.80417576347209,65.20015149079993,9.63,96505.0
NE,30264,19658.0,64.95506212001057,64.41565321261244,65.49067482896157,10.13,71722.0
OH,369742,239938.0,64.89335807130378,64.73935265496603,65.04705400843754,12.96,66990.0
CT,125696,81457.0,64.80476705702648,64.54029586514326,65.06833333141095,9.85,90213.0
AZ,282518,183025.0,64.78348282233344,64.60715084931999,64.95941275756259,12.78,72581.0
CA,1722876,1110962.0,64.4829923917914,64.4114990476968,64.55442114883563,11.9,91905.0
RI,39303,25262.0,64.27499173091113,63.79986639242331,64.74732677610642,10.79,81370.0
IN,195565,125480.0,64.16281031881984,63.95000454736392,64.37505968413583,11.95,67173.0
MI,372573,238857.0,64.11012070117802,63.95594793796305,64.2640024884995,12.86,68505.0
IL,740902,473423.0,63.89819436308716,63.788756028233905,64.00748857354439,11.51,78433.0
NY,1006531,641726.0,63.756208204218254,63.66224398327125,63.850067419660704,13.28,81386.0
NV,228395,145377.0,63.65156855447799,63.4540708629004,63.84860701547987,12.54,71646.0
MD,425007,270345.0,63.6095405487439,63.46476997086131,63.75406509802743,9.07,98461.0
NC,593935,376649.0,63.415862005101566,63.293276756871045,63.53827370557978,12.96,66186.0
NJ,553068,350640.0,63.39907570136041,63.272026727844185,63.52593853671033,9.51,97126.0
DE,77185,48683.0,63.07313597201529,62.73201990137854,63.412950772724706,10.85,79325.0
SC,383807,241882.0,63.021779175471,62.8689217952648,63.17437588317161,13.96,63623.0
MS,290289,182936.0,63.01857803774859,62.842789699840665,63.19402181208329,18.55,52985.0
GA,1278114,802145.0,62.76005113784842,62.67619873077499,62.8438268399251,13.2,71355.0
AL,417848,261904.0,62.67925178533821,62.53248519809217,62.82578523438161,15.29,59609.0
TX,2375168,1485620.0,62.54799660487174,62.48642280216501,62.60952981735007,13.65,73035.0
PA,678793,424107.0,62.479577721043086,62.36432389160812,62.59469029600297,11.41,73170.0
FL,2368227,1467407.0,61.962261219046994,61.90040956443021,62.02407406475891,12.6,67917.0
LA,382969,234534.0,61.24098817397753,61.08657054257986,61.39518028870417,18.15,57852.0
PR,63760,37555.0,58.900564617314934,58.518130790981445,59.281925973478,41.82,24002.0
