product_name,n,events,rate_pct,ci_low_pct,ci_high_pct
Credit reporting or other personal consumer reports,11953765,12942.0,0.1082671442846668,0.1064188049969281,0.11014755112925359
Credit reporting,138694,291.0,0.20981441158233233,0.1870725671586677,0.23531439520628952
"Credit reporting, credit repair services, or other personal consumer reports",2163770,8033.0,0.3712501790855775,0.3632342524781619,0.3794423291056684
Credit card,341019,2444.0,0.7166756104498576,0.6889137807840509,0.7455477869656678
Checking or savings account,394591,3775.0,0.9566867972153444,0.9267881972826216,0.9875403249481157
Credit card or prepaid card,206356,2432.0,1.1785458140301226,1.1328826583675995,1.2260266925300611
"Money transfer, virtual currency, or money service",190677,3181.0,1.6682662303266782,1.6117430675593754,1.726736848191112
Vehicle loan or lease,102532,1899.0,1.8521047087738463,1.7713627701447447,1.9364544581287297
Mortgage,458482,8671.0,1.8912410956155312,1.8522127077252803,1.9310756789929187
Bank account or service,85798,2221.0,2.5886384298002283,2.4844852439232628,2.6970371069909396
Debt collection,1185909,42226.0,3.5606441978263086,3.5274423505523385,3.5941469127913797
Consumer Loan,31421,1193.0,3.7968237802743388,3.5910843779528046,4.01385960369005
"Payday loan, title loan, personal loan, or advance loan",37466,1704.0,4.548123632093097,4.341760769618735,4.763806412709574
"Payday loan, title loan, or personal loan",30614,1575.0,5.144705036911217,4.9028233618589105,5.397842639365682
Student loan,132985,14192.0,10.671880287250442,10.507067888476403,10.838964800028496
