product_name,n,observed,expected,rate_pct,sir,p_value,q_value,signal
Debt or credit management,10189,884.0,41.99863225572818,8.676023162233781,21.04830449280718,0.0,0.0,WORSE than expected
"Payday loan, title loan, personal loan, or advance loan",37466,1704.0,154.09801295682368,4.548123632093097,11.05789729084592,0.0,0.0,WORSE than expected
Student loan,132985,14192.0,1760.5500503798617,10.671880287250442,8.061117033814455,0.0,0.0,WORSE than expected
Prepaid card,23087,1151.0,187.8454439532924,4.98548966951098,6.127377783440918,0.0,0.0,WORSE than expected
"Payday loan, title loan, or personal loan",30614,1575.0,375.5257057491293,5.144705036911217,4.194120338201779,0.0,0.0,WORSE than expected
Payday loan,5502,580.0,151.446924478494,10.541621228644129,3.8297245189839564,3.406402175807541e-154,5.677336959679235e-154,WORSE than expected
Debt collection,1185909,42226.0,11196.47926396934,3.5606441978263086,3.771364105133007,0.0,0.0,WORSE than expected
Other financial service,1056,110.0,31.60391564143115,10.416666666666666,3.4805813699804813,3.0983073575959873e-27,4.13107647679465e-27,WORSE than expected
"Money transfer, virtual currency, or money service",190677,3181.0,1211.7841048376768,1.6682662303266782,2.625055063274747,0.0,0.0,WORSE than expected
Vehicle loan or lease,102532,1899.0,774.6595775711792,1.8521047087738463,2.4513993694546574,1.9388418257682583e-253,3.5251669559422874e-253,WORSE than expected
Consumer Loan,31421,1193.0,870.0203913533903,3.7968237802743388,1.3712322284127014,4.19121718319464e-25,5.239021478993299e-25,WORSE than expected
Checking or savings account,394591,3775.0,2921.7180915329045,0.9566867972153444,1.2920479942742915,1.8042955062919643e-51,2.5775650089885203e-51,WORSE than expected
Mortgage,458482,8671.0,8286.683598631942,1.8912410956155312,1.0463775884277162,2.836665443718831e-05,3.337253463198624e-05,WORSE than expected
Credit card or prepaid card,206356,2432.0,2381.3120188854823,1.1785458140301226,1.0212857369015593,0.30381236624103064,0.31980249078003226,no clear signal
Money transfers,5274,145.0,142.37661511574908,2.7493363670838074,1.0184256725173455,0.848165359552151,0.8481653595521511,no clear signal
Bank account or service,85798,2221.0,2320.157673740593,2.5886384298002283,0.9572625279467625,0.039447077864295424,0.0438300865158838,BETTER than expected
Credit card,341019,2444.0,3518.2084623916426,0.7166756104498576,0.6946717416336932,7.761834987760321e-82,1.194128459655434e-81,BETTER than expected
"Credit reporting, credit repair services, or other personal consumer reports",2163770,8033.0,19386.06567388218,0.3712501790855775,0.4143697919491955,0.0,0.0,BETTER than expected
Credit reporting or other personal consumer reports,11953765,12942.0,50155.83372723424,0.1082671442846668,0.25803578643280717,0.0,0.0,BETTER than expected
Credit reporting,138694,291.0,3782.0949484296584,0.20981441158233233,0.07694148453909767,0.0,0.0,BETTER than expected
