state_abbr,n,observed,expected,rate_pct,sir,p_value,q_value,signal,years_observed,years_worse,persistent_worse
ME,13928,336.0,213.00442529087033,2.4124066628374496,1.5774320159835733,9.421578910164169e-15,1.224805258321342e-13,WORSE than expected,15,12,False
WY,5934,129.0,83.78947008933137,2.1739130434782608,1.5395729303749963,5.5690675826904844e-06,1.8099469643744075e-05,WORSE than expected,15,12,False
MT,9845,225.0,147.57139568535055,2.28542407313357,1.5246857221554069,3.892435454013931e-09,2.0240664360872443e-08,WORSE than expected,15,11,False
ND,10578,152.0,102.51727442656005,1.4369446020041596,1.4826769522524492,5.927210070763929e-06,1.8130289628219077e-05,WORSE than expected,14,7,False
ID,20061,362.0,280.9295656525008,1.8044962863267036,1.2885792179231867,4.016137709251927e-06,1.392261072540668e-05,WORSE than expected,15,8,False
IA,36786,516.0,400.9918179401747,1.4027075517860055,1.2868092986300876,4.2010749422205056e-08,1.9859626999587843e-07,WORSE than expected,15,10,False
SD,7343,143.0,111.14140337399697,1.9474329293204413,1.2866492203521769,0.004182275154355858,0.009455578609848027,WORSE than expected,15,9,False
OK,79466,944.0,753.2819011665789,1.1879294289381623,1.253182903423092,2.5271547950147723e-11,2.1902008223461362e-10,WORSE than expected,15,11,False
AK,9911,123.0,101.52145899288047,1.2410453031984663,1.2115665123432258,0.04215868274679834,0.06993675452391854,no clear signal,15,5,False
CO,124415,1646.0,1402.766228789511,1.322991600691235,1.173395799113572,2.77834117990342e-10,1.805921766937223e-09,WORSE than expected,15,9,False
WA,161327,1951.0,1666.3301206808947,1.2093449949481487,1.1708364241791318,1.1985236242484866e-11,1.246464569218426e-10,WORSE than expected,16,11,False
KY,75346,839.0,725.7988656285909,1.1135295835213548,1.1559676374988122,4.3596872358843434e-05,0.00011931775592946625,WORSE than expected,15,7,False
WV,21309,282.0,246.06639834424936,1.323384485428692,1.146032135624951,0.026551374944023643,0.04930969632461534,WORSE than expected,15,9,False
TN,271619,2262.0,1980.7981316558717,0.8327841572202239,1.141963920426891,6.833510714356347e-10,3.948250634961445e-09,WORSE than expected,15,9,False
NC,599839,3973.0,3585.794109242764,0.6623443957461919,1.1079833027108756,2.1610142573105382e-10,1.6053248768592569e-09,WORSE than expected,16,8,False
GA,1290828,7685.0,6966.178246371292,0.5953542997207993,1.103187390303018,2.5293437632363305e-17,4.384195856276306e-16,WORSE than expected,16,11,False
NM,34471,401.0,365.5763737542777,1.1632966841693018,1.0968980185506525,0.07073907927063977,0.11146764006282629,no clear signal,15,10,False
OR,59251,928.0,847.6979097733065,1.566218291674402,1.0947296074472663,0.00682753312038895,0.01479298842750939,WORSE than expected,15,9,False
DC,59989,494.0,459.09754839612003,0.8234843054560003,1.076024042658937,0.11097337121994187,0.1648747229553422,no clear signal,15,5,False
MN,92441,1065.0,995.5381944575587,1.1520861955193042,1.0697731196343392,0.03028545947689028,0.05430496182063085,no clear signal,15,5,False
NE,30489,319.0,299.13022468636893,1.0462789858637542,1.0664251676154226,0.2636924844255707,0.33787724249577594,no clear signal,15,7,False
IN,197075,1480.0,1387.9316397391594,0.750983128250666,1.0663349387136556,0.014850649305963422,0.02860125051518881,WORSE than expected,15,9,False
VT,5746,96.0,90.4877168656641,1.6707274625826662,1.0609174739431133,0.5895115384854592,0.65048034662295,no clear signal,15,7,False
KS,43919,506.0,477.8830758514804,1.152120949930554,1.0588364090911182,0.20803269007150343,0.27737692009533793,no clear signal,15,8,False
AZ,285256,2378.0,2257.135077064632,0.833637153995008,1.0535479352403452,0.011904986127513024,0.02476237114522709,WORSE than expected,16,11,False
UT,54661,593.0,566.0217431060461,1.0848685534476135,1.0476629338405106,0.2664032104293618,0.33787724249577594,no clear signal,15,9,False
CA,1738408,12789.0,12321.66338202863,0.7356730986051606,1.0379280461965052,2.9027052009676793e-05,8.385592802795519e-05,WORSE than expected,16,11,False
NH,20248,289.0,278.56602563865135,1.4273014618727775,1.0374560190440572,0.5474137742558536,0.6325670280289863,no clear signal,15,5,False
NV,230307,1454.0,1405.6029173403979,0.6313312231065491,1.0344315468206173,0.20237438507139652,0.27693336904506893,no clear signal,15,9,False
SC,388605,2327.0,2261.6675981707544,0.5988085588193667,1.028886827525887,0.1737322828130686,0.24416428935890722,no clear signal,15,11,False
WI,129423,1062.0,1036.512814296769,0.8205651236642637,1.024589359004233,0.43645618598613417,0.5158118561654313,no clear signal,15,6,False
HI,30473,271.0,268.60465280357636,0.8893118498342796,1.0089177427547218,0.8999910850010835,0.9112675166769864,no clear signal,15,8,False
OH,372504,3027.0,3015.3218097489435,0.8126087236647124,1.0038729498832593,0.8364210186154036,0.8698778593600198,no clear signal,16,7,False
VA,350473,2797.0,2803.5651435329323,0.7980643302051799,0.9976582875029402,0.9112675166769864,0.9112675166769864,no clear signal,16,9,False
MD,428298,2772.0,2784.160751598517,0.6472129218441366,0.995632166141436,0.8274392545578041,0.8698778593600198,no clear signal,16,7,False
LA,387367,1862.0,1885.3627628833374,0.4806811111942938,0.9876083460736181,0.6004433968827231,0.65048034662295,no clear signal,15,8,False
MS,295541,1121.0,1139.8030995718748,0.3793043943141561,0.9835032036858493,0.59012969381572,0.65048034662295,no clear signal,15,9,False
TX,2403872,12432.0,12663.614191469702,0.5171656394350448,0.9817102615439975,0.03953638384404864,0.06852973199635097,no clear signal,16,8,False
MO,195869,1452.0,1488.9693446903511,0.7413117951283766,0.9751711848049905,0.3448240272506777,0.42692498611988666,no clear signal,15,9,False
DE,77695,489.0,509.8419951202078,0.6293841302529121,0.9591206779361245,0.3683556072703746,0.44545329251301113,no clear signal,15,7,False
NJ,558348,3329.0,3473.4808628863984,0.5962231439890534,0.958404589347201,0.01399773187668344,0.02799546375336688,BETTER than expected,16,7,False
CT,126783,962.0,1007.7917358994317,0.7587768076161631,0.954562302638289,0.152056904263649,0.21963775060304858,no clear signal,15,4,False
IL,747812,3977.0,4231.383952339271,0.5318181575048274,0.9398816190625675,8.134246405094758e-05,0.00021149040653246372,BETTER than expected,16,7,False
MA,225022,1602.0,1720.824668318096,0.7119303890286283,0.9309489975906534,0.003951921867536284,0.00934090623235849,BETTER than expected,16,4,False
AR,119373,646.0,699.4908594126788,0.5411608990307691,0.9235288657558843,0.04303800278394987,0.06993675452391854,no clear signal,15,5,False
PA,684277,3744.0,4068.5855206663055,0.5471468425798325,0.920221531778654,2.6325755738508105e-07,1.1407827486686847e-06,BETTER than expected,16,6,False
MI,375514,2387.0,2629.4926344675487,0.6356620525466428,0.9077796867392057,1.6580011445484477e-06,6.632004578193791e-06,BETTER than expected,16,6,False
FL,2393764,10371.0,11433.174440689803,0.43325072981296403,0.9070971543205354,6.2805088093905155e-24,1.632932290441534e-22,BETTER than expected,16,6,False
AL,423282,1728.0,1928.2047889400308,0.40823847931166457,0.8961703704459281,3.7253186869080002e-06,1.3836897979944002e-05,BETTER than expected,15,6,False
PR,64594,198.0,224.51608873698518,0.30653001826795057,0.8818967100034951,0.07837714079134717,0.11987092121029566,no clear signal,15,6,False
RI,39725,240.0,288.2573647307553,0.604153555695406,0.8325893085998697,0.003897487189049246,0.00934090623235849,BETTER than expected,15,2,False
NY,1015295,5165.0,6237.56027699202,0.5087191407423458,0.8280481102606277,1.754022445321521e-44,9.12091671567191e-43,BETTER than expected,16,5,False
