col_name,null_count,null_pct,distinct_count
REGAGENT2,4223,100.0,0
CHANGEC6,4222,99.98,1
PRIORNAME9,4222,99.98,1
INSAGNT2,4222,99.98,1
PRIORNAME8,4221,99.95,2
CHANGEC5,4219,99.91,4
PRIORNAME7,4217,99.86,6
CHANGEC4,4210,99.69,6
PRIORNAME6,4210,99.69,13
TE10N528,4205,99.57,17
TE09N528,4204,99.55,18
TE08N528,4201,99.48,21
TE06N529,4196,99.36,25
TE05N529,4191,99.24,30
TE07N528,4191,99.24,31
PRIORNAME5,4187,99.15,36
CHANGEC3,4180,98.98,6
TE06N528,4179,98.96,43
TE04N529,4177,98.91,44
TE05N528,4166,98.65,56
TE03N529,4149,98.25,72
TE04N528,4140,98.03,82
TE02N529,4113,97.4,107
PRIORNAME4,4108,97.28,114
TE03N528,4090,96.85,131
CHANGEC2,4080,96.61,9
MDI_STATUS_CODE,4067,96.31,9
ADDRESS2,4024,95.29,107
TE02N528,3994,94.58,226
TE01N529,3977,94.17,233
PRIORNAME3,3903,92.42,316
HCTMULT,3831,90.72,1
CBSA_DIV,3741,88.59,31
CBSA_DIV_NO,3741,88.59,31
TE01N528,3639,86.17,558
CHANGEC1,3476,82.31,10
OCCDISTDESC,3263,77.27,4
PRIORNAME2,3219,76.23,969
OCCDIST,3147,74.52,8
FEDDESC,2921,69.17,3
CSA_NO,2072,49.06,166
CSA,2072,49.06,166
CBSA_METRO_NAME,2013,47.67,330
LEI,1956,46.32,2259
PRIORNAME1,1798,42.58,2302
CBSA_METRO_FLG,1178,27.89,2
CBSA,1178,27.89,721
CBSA_DIV_FLG,1178,27.89,2
CSA_FLG,1178,27.89,2
CBSA_NO,1178,27.89,721
CBSA_MICRO_FLG,1178,27.89,2
CITYHCR,683,16.17,2164
STALPHCR,683,16.17,54
NAMEHCR,683,16.17,3151
RSSDHCR,683,16.17,3321
WEBADDR,75,1.78,4121
DATEUPDT,20,0.47,609
PROCDATE,20,0.47,609
CB,15,0.36,2
EQ,15,0.36,4148
ROAPTXQ,5,0.12,561
NETINC,5,0.12,3396
MUTUAL,5,0.12,2
DEPDOM,5,0.12,4196
SZ1BT10B,5,0.12,2
OFFOA,5,0.12,10
OFFDOM,5,0.12,155
SUBCHAPS,5,0.12,2
SPECGRPN,5,0.12,9
ROE,5,0.12,2099
DENOVO,5,0.12,2
S10T250B,5,0.12,2
ROAPTX,5,0.12,4209
REPDTE,5,0.12,2
ROAQ,5,0.12,518
FORM31,5,0.12,2
OFFFOR,5,0.12,10
PARCERT,5,0.12,5
SZ250BP,5,0.12,2
SZ100,5,0.12,2
ASSET,5,0.12,4209
SZ100T1B,5,0.12,2
TRACT,5,0.12,2
INSTCRCD,5,0.12,2
CALLFORM,5,0.12,4
SPECGRP,5,0.12,9
ROEQ,5,0.12,2111
NETINCQ,5,0.12,2909
INSTAG,5,0.12,2
ULTCERT,5,0.12,4218
DEP,5,0.12,4196
ROA,5,0.12,4209
OFFICES,3,0.07,157
SUPRV_FD,3,0.07,7
FDICSUPV,3,0.07,7
ID,0,0.0,4223
TRUST,0,0.0,5
FEDCHRTR,0,0.0,2
FED_RSSD,0,0.0,4223
ESTYMD,0,0.0,2846
OI,0,0.0,2
STNUM,0,0.0,55
UNINUM,0,0.0,4223
OAKAR,0,0.0,1
CBSA_METRO,0,0.0,331
ZIP,0,0.0,3522
INSDIF,0,0.0,2
LONGITUDE,0,0.0,4211
CITY,0,0.0,2582
STCNTY,0,0.0,1935
NEWCERT,0,0.0,1
REGAGNT,0,0.0,4
FED,0,0.0,12
ENDEFYMD,0,0.0,1
INSFDIC,0,0.0,1
INSBIF,0,0.0,1
IBA,0,0.0,2
CFPBENDDTE,0,0.0,6
STALP,0,0.0,55
CERT,0,0.0,4223
CHARTER,0,0.0,880
INSSAVE,0,0.0,2
FDICDBS,0,0.0,6
INSDATE,0,0.0,1736
STNAME,0,0.0,55
CONSERVE,0,0.0,1
CHRTAGNT,0,0.0,3
CLCODE,0,0.0,18
INACTIVE,0,0.0,1
INSAGNT1,0,0.0,2
RUNDATE,0,0.0,1
STCHRTR,0,0.0,2
CFPBEFFDTE,0,0.0,40
ACTIVE,0,0.0,1
INSSAIF,0,0.0,1
LATITUDE,0,0.0,4211
ADDRESS,0,0.0,3974
MDI_STATUS_DESC,0,0.0,10
NAME,0,0.0,3722
INSCOML,0,0.0,2
BKCLASS,0,0.0,8
RISDATE,0,0.0,1
SASSER,0,0.0,1
LAW_SASSER_FLG,0,0.0,1
DOCKET,0,0.0,2299
COUNTY,0,0.0,1220
QBPRCOML,0,0.0,6
FDICREGN,0,0.0,6
EFFDATE,0,0.0,589
CFPBFLAG,0,0.0,2
